"film_id","category_id","last_update"
1,6,"2020-02-15 15:37:09+05:30"
2,11,"2020-02-15 15:37:09+05:30"
3,6,"2020-02-15 15:37:09+05:30"
4,11,"2020-02-15 15:37:09+05:30"
5,8,"2020-02-15 15:37:09+05:30"
6,9,"2020-02-15 15:37:09+05:30"
7,5,"2020-02-15 15:37:09+05:30"
8,11,"2020-02-15 15:37:09+05:30"
9,11,"2020-02-15 15:37:09+05:30"
10,15,"2020-02-15 15:37:09+05:30"
11,9,"2020-02-15 15:37:09+05:30"
12,12,"2020-02-15 15:37:09+05:30"
13,11,"2020-02-15 15:37:09+05:30"
14,4,"2020-02-15 15:37:09+05:30"
15,9,"2020-02-15 15:37:09+05:30"
16,9,"2020-02-15 15:37:09+05:30"
17,12,"2020-02-15 15:37:09+05:30"
18,2,"2020-02-15 15:37:09+05:30"
19,1,"2020-02-15 15:37:09+05:30"
20,12,"2020-02-15 15:37:09+05:30"
21,1,"2020-02-15 15:37:09+05:30"
22,13,"2020-02-15 15:37:09+05:30"
23,2,"2020-02-15 15:37:09+05:30"
24,11,"2020-02-15 15:37:09+05:30"
25,13,"2020-02-15 15:37:09+05:30"
26,14,"2020-02-15 15:37:09+05:30"
27,15,"2020-02-15 15:37:09+05:30"
28,5,"2020-02-15 15:37:09+05:30"
29,1,"2020-02-15 15:37:09+05:30"
30,11,"2020-02-15 15:37:09+05:30"
31,8,"2020-02-15 15:37:09+05:30"
32,13,"2020-02-15 15:37:09+05:30"
33,7,"2020-02-15 15:37:09+05:30"
34,11,"2020-02-15 15:37:09+05:30"
35,11,"2020-02-15 15:37:09+05:30"
36,2,"2020-02-15 15:37:09+05:30"
37,4,"2020-02-15 15:37:09+05:30"
38,1,"2020-02-15 15:37:09+05:30"
39,14,"2020-02-15 15:37:09+05:30"
40,6,"2020-02-15 15:37:09+05:30"
41,16,"2020-02-15 15:37:09+05:30"
42,15,"2020-02-15 15:37:09+05:30"
43,8,"2020-02-15 15:37:09+05:30"
44,14,"2020-02-15 15:37:09+05:30"
45,13,"2020-02-15 15:37:09+05:30"
46,10,"2020-02-15 15:37:09+05:30"
47,9,"2020-02-15 15:37:09+05:30"
48,3,"2020-02-15 15:37:09+05:30"
49,14,"2020-02-15 15:37:09+05:30"
50,8,"2020-02-15 15:37:09+05:30"
51,12,"2020-02-15 15:37:09+05:30"
52,9,"2020-02-15 15:37:09+05:30"
53,8,"2020-02-15 15:37:09+05:30"
54,12,"2020-02-15 15:37:09+05:30"
55,14,"2020-02-15 15:37:09+05:30"
56,1,"2020-02-15 15:37:09+05:30"
57,16,"2020-02-15 15:37:09+05:30"
58,6,"2020-02-15 15:37:09+05:30"
59,3,"2020-02-15 15:37:09+05:30"
60,4,"2020-02-15 15:37:09+05:30"
61,7,"2020-02-15 15:37:09+05:30"
62,6,"2020-02-15 15:37:09+05:30"
63,8,"2020-02-15 15:37:09+05:30"
64,7,"2020-02-15 15:37:09+05:30"
65,11,"2020-02-15 15:37:09+05:30"
66,3,"2020-02-15 15:37:09+05:30"
67,1,"2020-02-15 15:37:09+05:30"
68,3,"2020-02-15 15:37:09+05:30"
69,14,"2020-02-15 15:37:09+05:30"
70,2,"2020-02-15 15:37:09+05:30"
71,8,"2020-02-15 15:37:09+05:30"
72,6,"2020-02-15 15:37:09+05:30"
73,14,"2020-02-15 15:37:09+05:30"
74,12,"2020-02-15 15:37:09+05:30"
75,16,"2020-02-15 15:37:09+05:30"
76,12,"2020-02-15 15:37:09+05:30"
77,13,"2020-02-15 15:37:09+05:30"
78,2,"2020-02-15 15:37:09+05:30"
79,7,"2020-02-15 15:37:09+05:30"
80,8,"2020-02-15 15:37:09+05:30"
81,14,"2020-02-15 15:37:09+05:30"
82,8,"2020-02-15 15:37:09+05:30"
83,8,"2020-02-15 15:37:09+05:30"
84,16,"2020-02-15 15:37:09+05:30"
85,6,"2020-02-15 15:37:09+05:30"
86,12,"2020-02-15 15:37:09+05:30"
87,16,"2020-02-15 15:37:09+05:30"
88,16,"2020-02-15 15:37:09+05:30"
89,2,"2020-02-15 15:37:09+05:30"
90,13,"2020-02-15 15:37:09+05:30"
91,4,"2020-02-15 15:37:09+05:30"
92,11,"2020-02-15 15:37:09+05:30"
93,13,"2020-02-15 15:37:09+05:30"
94,8,"2020-02-15 15:37:09+05:30"
95,13,"2020-02-15 15:37:09+05:30"
96,13,"2020-02-15 15:37:09+05:30"
97,1,"2020-02-15 15:37:09+05:30"
98,7,"2020-02-15 15:37:09+05:30"
99,5,"2020-02-15 15:37:09+05:30"
100,9,"2020-02-15 15:37:09+05:30"
101,6,"2020-02-15 15:37:09+05:30"
102,15,"2020-02-15 15:37:09+05:30"
103,16,"2020-02-15 15:37:09+05:30"
104,9,"2020-02-15 15:37:09+05:30"
105,1,"2020-02-15 15:37:09+05:30"
106,10,"2020-02-15 15:37:09+05:30"
107,7,"2020-02-15 15:37:09+05:30"
108,13,"2020-02-15 15:37:09+05:30"
109,13,"2020-02-15 15:37:09+05:30"
110,3,"2020-02-15 15:37:09+05:30"
111,1,"2020-02-15 15:37:09+05:30"
112,9,"2020-02-15 15:37:09+05:30"
113,15,"2020-02-15 15:37:09+05:30"
114,14,"2020-02-15 15:37:09+05:30"
115,1,"2020-02-15 15:37:09+05:30"
116,4,"2020-02-15 15:37:09+05:30"
117,10,"2020-02-15 15:37:09+05:30"
118,2,"2020-02-15 15:37:09+05:30"
119,5,"2020-02-15 15:37:09+05:30"
120,15,"2020-02-15 15:37:09+05:30"
121,2,"2020-02-15 15:37:09+05:30"
122,11,"2020-02-15 15:37:09+05:30"
123,16,"2020-02-15 15:37:09+05:30"
124,3,"2020-02-15 15:37:09+05:30"
125,16,"2020-02-15 15:37:09+05:30"
126,1,"2020-02-15 15:37:09+05:30"
127,5,"2020-02-15 15:37:09+05:30"
128,9,"2020-02-15 15:37:09+05:30"
129,6,"2020-02-15 15:37:09+05:30"
130,1,"2020-02-15 15:37:09+05:30"
131,4,"2020-02-15 15:37:09+05:30"
132,14,"2020-02-15 15:37:09+05:30"
133,12,"2020-02-15 15:37:09+05:30"
134,2,"2020-02-15 15:37:09+05:30"
135,15,"2020-02-15 15:37:09+05:30"
136,13,"2020-02-15 15:37:09+05:30"
137,14,"2020-02-15 15:37:09+05:30"
138,14,"2020-02-15 15:37:09+05:30"
139,8,"2020-02-15 15:37:09+05:30"
140,14,"2020-02-15 15:37:09+05:30"
141,10,"2020-02-15 15:37:09+05:30"
142,6,"2020-02-15 15:37:09+05:30"
143,7,"2020-02-15 15:37:09+05:30"
144,13,"2020-02-15 15:37:09+05:30"
145,8,"2020-02-15 15:37:09+05:30"
146,7,"2020-02-15 15:37:09+05:30"
147,8,"2020-02-15 15:37:09+05:30"
148,9,"2020-02-15 15:37:09+05:30"
149,3,"2020-02-15 15:37:09+05:30"
150,6,"2020-02-15 15:37:09+05:30"
151,14,"2020-02-15 15:37:09+05:30"
152,3,"2020-02-15 15:37:09+05:30"
153,14,"2020-02-15 15:37:09+05:30"
154,2,"2020-02-15 15:37:09+05:30"
155,13,"2020-02-15 15:37:09+05:30"
156,6,"2020-02-15 15:37:09+05:30"
157,3,"2020-02-15 15:37:09+05:30"
158,12,"2020-02-15 15:37:09+05:30"
159,5,"2020-02-15 15:37:09+05:30"
160,2,"2020-02-15 15:37:09+05:30"
161,12,"2020-02-15 15:37:09+05:30"
162,1,"2020-02-15 15:37:09+05:30"
163,13,"2020-02-15 15:37:09+05:30"
164,6,"2020-02-15 15:37:09+05:30"
165,14,"2020-02-15 15:37:09+05:30"
166,4,"2020-02-15 15:37:09+05:30"
167,16,"2020-02-15 15:37:09+05:30"
168,3,"2020-02-15 15:37:09+05:30"
169,16,"2020-02-15 15:37:09+05:30"
170,9,"2020-02-15 15:37:09+05:30"
171,11,"2020-02-15 15:37:09+05:30"
172,7,"2020-02-15 15:37:09+05:30"
173,7,"2020-02-15 15:37:09+05:30"
174,12,"2020-02-15 15:37:09+05:30"
175,8,"2020-02-15 15:37:09+05:30"
176,15,"2020-02-15 15:37:09+05:30"
177,14,"2020-02-15 15:37:09+05:30"
178,5,"2020-02-15 15:37:09+05:30"
179,7,"2020-02-15 15:37:09+05:30"
180,4,"2020-02-15 15:37:09+05:30"
181,16,"2020-02-15 15:37:09+05:30"
182,5,"2020-02-15 15:37:09+05:30"
183,8,"2020-02-15 15:37:09+05:30"
184,4,"2020-02-15 15:37:09+05:30"
185,9,"2020-02-15 15:37:09+05:30"
186,7,"2020-02-15 15:37:09+05:30"
187,15,"2020-02-15 15:37:09+05:30"
188,5,"2020-02-15 15:37:09+05:30"
189,10,"2020-02-15 15:37:09+05:30"
190,4,"2020-02-15 15:37:09+05:30"
191,3,"2020-02-15 15:37:09+05:30"
192,9,"2020-02-15 15:37:09+05:30"
193,2,"2020-02-15 15:37:09+05:30"
194,1,"2020-02-15 15:37:09+05:30"
195,14,"2020-02-15 15:37:09+05:30"
196,4,"2020-02-15 15:37:09+05:30"
197,15,"2020-02-15 15:37:09+05:30"
198,9,"2020-02-15 15:37:09+05:30"
199,6,"2020-02-15 15:37:09+05:30"
200,10,"2020-02-15 15:37:09+05:30"
201,9,"2020-02-15 15:37:09+05:30"
202,5,"2020-02-15 15:37:09+05:30"
203,14,"2020-02-15 15:37:09+05:30"
204,7,"2020-02-15 15:37:09+05:30"
205,1,"2020-02-15 15:37:09+05:30"
206,6,"2020-02-15 15:37:09+05:30"
207,9,"2020-02-15 15:37:09+05:30"
208,2,"2020-02-15 15:37:09+05:30"
209,7,"2020-02-15 15:37:09+05:30"
210,1,"2020-02-15 15:37:09+05:30"
211,10,"2020-02-15 15:37:09+05:30"
212,1,"2020-02-15 15:37:09+05:30"
213,8,"2020-02-15 15:37:09+05:30"
214,3,"2020-02-15 15:37:09+05:30"
215,10,"2020-02-15 15:37:09+05:30"
216,13,"2020-02-15 15:37:09+05:30"
217,10,"2020-02-15 15:37:09+05:30"
218,7,"2020-02-15 15:37:09+05:30"
219,6,"2020-02-15 15:37:09+05:30"
220,12,"2020-02-15 15:37:09+05:30"
221,6,"2020-02-15 15:37:09+05:30"
222,11,"2020-02-15 15:37:09+05:30"
223,2,"2020-02-15 15:37:09+05:30"
224,16,"2020-02-15 15:37:09+05:30"
225,7,"2020-02-15 15:37:09+05:30"
226,13,"2020-02-15 15:37:09+05:30"
227,10,"2020-02-15 15:37:09+05:30"
228,4,"2020-02-15 15:37:09+05:30"
229,1,"2020-02-15 15:37:09+05:30"
230,7,"2020-02-15 15:37:09+05:30"
231,8,"2020-02-15 15:37:09+05:30"
232,10,"2020-02-15 15:37:09+05:30"
233,16,"2020-02-15 15:37:09+05:30"
234,14,"2020-02-15 15:37:09+05:30"
235,14,"2020-02-15 15:37:09+05:30"
236,10,"2020-02-15 15:37:09+05:30"
237,15,"2020-02-15 15:37:09+05:30"
238,3,"2020-02-15 15:37:09+05:30"
239,2,"2020-02-15 15:37:09+05:30"
240,14,"2020-02-15 15:37:09+05:30"
241,2,"2020-02-15 15:37:09+05:30"
242,5,"2020-02-15 15:37:09+05:30"
243,2,"2020-02-15 15:37:09+05:30"
244,12,"2020-02-15 15:37:09+05:30"
245,2,"2020-02-15 15:37:09+05:30"
246,9,"2020-02-15 15:37:09+05:30"
247,5,"2020-02-15 15:37:09+05:30"
248,6,"2020-02-15 15:37:09+05:30"
249,4,"2020-02-15 15:37:09+05:30"
250,1,"2020-02-15 15:37:09+05:30"
251,13,"2020-02-15 15:37:09+05:30"
252,1,"2020-02-15 15:37:09+05:30"
253,1,"2020-02-15 15:37:09+05:30"
254,15,"2020-02-15 15:37:09+05:30"
255,12,"2020-02-15 15:37:09+05:30"
256,15,"2020-02-15 15:37:09+05:30"
257,16,"2020-02-15 15:37:09+05:30"
258,11,"2020-02-15 15:37:09+05:30"
259,2,"2020-02-15 15:37:09+05:30"
260,15,"2020-02-15 15:37:09+05:30"
261,6,"2020-02-15 15:37:09+05:30"
262,8,"2020-02-15 15:37:09+05:30"
263,15,"2020-02-15 15:37:09+05:30"
264,10,"2020-02-15 15:37:09+05:30"
265,5,"2020-02-15 15:37:09+05:30"
266,4,"2020-02-15 15:37:09+05:30"
267,13,"2020-02-15 15:37:09+05:30"
268,2,"2020-02-15 15:37:09+05:30"
269,8,"2020-02-15 15:37:09+05:30"
270,13,"2020-02-15 15:37:09+05:30"
271,1,"2020-02-15 15:37:09+05:30"
272,7,"2020-02-15 15:37:09+05:30"
273,8,"2020-02-15 15:37:09+05:30"
274,6,"2020-02-15 15:37:09+05:30"
275,11,"2020-02-15 15:37:09+05:30"
276,5,"2020-02-15 15:37:09+05:30"
277,11,"2020-02-15 15:37:09+05:30"
278,12,"2020-02-15 15:37:09+05:30"
279,15,"2020-02-15 15:37:09+05:30"
280,3,"2020-02-15 15:37:09+05:30"
281,10,"2020-02-15 15:37:09+05:30"
282,7,"2020-02-15 15:37:09+05:30"
283,13,"2020-02-15 15:37:09+05:30"
284,12,"2020-02-15 15:37:09+05:30"
285,14,"2020-02-15 15:37:09+05:30"
286,16,"2020-02-15 15:37:09+05:30"
287,1,"2020-02-15 15:37:09+05:30"
288,16,"2020-02-15 15:37:09+05:30"
289,13,"2020-02-15 15:37:09+05:30"
290,9,"2020-02-15 15:37:09+05:30"
291,15,"2020-02-15 15:37:09+05:30"
292,1,"2020-02-15 15:37:09+05:30"
293,15,"2020-02-15 15:37:09+05:30"
294,16,"2020-02-15 15:37:09+05:30"
295,6,"2020-02-15 15:37:09+05:30"
296,14,"2020-02-15 15:37:09+05:30"
297,4,"2020-02-15 15:37:09+05:30"
298,14,"2020-02-15 15:37:09+05:30"
299,16,"2020-02-15 15:37:09+05:30"
300,2,"2020-02-15 15:37:09+05:30"
301,11,"2020-02-15 15:37:09+05:30"
302,10,"2020-02-15 15:37:09+05:30"
303,1,"2020-02-15 15:37:09+05:30"
304,3,"2020-02-15 15:37:09+05:30"
305,13,"2020-02-15 15:37:09+05:30"
306,10,"2020-02-15 15:37:09+05:30"
307,16,"2020-02-15 15:37:09+05:30"
308,5,"2020-02-15 15:37:09+05:30"
309,8,"2020-02-15 15:37:09+05:30"
310,10,"2020-02-15 15:37:09+05:30"
311,9,"2020-02-15 15:37:09+05:30"
312,14,"2020-02-15 15:37:09+05:30"
313,11,"2020-02-15 15:37:09+05:30"
314,2,"2020-02-15 15:37:09+05:30"
315,8,"2020-02-15 15:37:09+05:30"
316,10,"2020-02-15 15:37:09+05:30"
317,5,"2020-02-15 15:37:09+05:30"
318,1,"2020-02-15 15:37:09+05:30"
319,14,"2020-02-15 15:37:09+05:30"
320,13,"2020-02-15 15:37:09+05:30"
321,13,"2020-02-15 15:37:09+05:30"
322,15,"2020-02-15 15:37:09+05:30"
323,15,"2020-02-15 15:37:09+05:30"
324,5,"2020-02-15 15:37:09+05:30"
325,2,"2020-02-15 15:37:09+05:30"
326,2,"2020-02-15 15:37:09+05:30"
327,1,"2020-02-15 15:37:09+05:30"
328,3,"2020-02-15 15:37:09+05:30"
329,1,"2020-02-15 15:37:09+05:30"
330,2,"2020-02-15 15:37:09+05:30"
331,10,"2020-02-15 15:37:09+05:30"
332,5,"2020-02-15 15:37:09+05:30"
333,12,"2020-02-15 15:37:09+05:30"
334,11,"2020-02-15 15:37:09+05:30"
335,5,"2020-02-15 15:37:09+05:30"
336,6,"2020-02-15 15:37:09+05:30"
337,9,"2020-02-15 15:37:09+05:30"
338,14,"2020-02-15 15:37:09+05:30"
339,16,"2020-02-15 15:37:09+05:30"
340,13,"2020-02-15 15:37:09+05:30"
341,4,"2020-02-15 15:37:09+05:30"
342,16,"2020-02-15 15:37:09+05:30"
343,3,"2020-02-15 15:37:09+05:30"
344,3,"2020-02-15 15:37:09+05:30"
345,8,"2020-02-15 15:37:09+05:30"
346,4,"2020-02-15 15:37:09+05:30"
347,16,"2020-02-15 15:37:09+05:30"
348,8,"2020-02-15 15:37:09+05:30"
349,2,"2020-02-15 15:37:09+05:30"
350,14,"2020-02-15 15:37:09+05:30"
351,11,"2020-02-15 15:37:09+05:30"
352,10,"2020-02-15 15:37:09+05:30"
353,9,"2020-02-15 15:37:09+05:30"
354,3,"2020-02-15 15:37:09+05:30"
355,2,"2020-02-15 15:37:09+05:30"
356,3,"2020-02-15 15:37:09+05:30"
357,4,"2020-02-15 15:37:09+05:30"
358,4,"2020-02-15 15:37:09+05:30"
359,8,"2020-02-15 15:37:09+05:30"
360,1,"2020-02-15 15:37:09+05:30"
361,15,"2020-02-15 15:37:09+05:30"
362,10,"2020-02-15 15:37:09+05:30"
363,12,"2020-02-15 15:37:09+05:30"
364,13,"2020-02-15 15:37:09+05:30"
365,5,"2020-02-15 15:37:09+05:30"
366,7,"2020-02-15 15:37:09+05:30"
367,14,"2020-02-15 15:37:09+05:30"
368,7,"2020-02-15 15:37:09+05:30"
369,14,"2020-02-15 15:37:09+05:30"
370,3,"2020-02-15 15:37:09+05:30"
371,1,"2020-02-15 15:37:09+05:30"
372,15,"2020-02-15 15:37:09+05:30"
373,3,"2020-02-15 15:37:09+05:30"
374,14,"2020-02-15 15:37:09+05:30"
375,1,"2020-02-15 15:37:09+05:30"
376,9,"2020-02-15 15:37:09+05:30"
377,8,"2020-02-15 15:37:09+05:30"
378,12,"2020-02-15 15:37:09+05:30"
379,7,"2020-02-15 15:37:09+05:30"
380,9,"2020-02-15 15:37:09+05:30"
381,10,"2020-02-15 15:37:09+05:30"
382,10,"2020-02-15 15:37:09+05:30"
383,15,"2020-02-15 15:37:09+05:30"
384,12,"2020-02-15 15:37:09+05:30"
385,5,"2020-02-15 15:37:09+05:30"
386,16,"2020-02-15 15:37:09+05:30"
387,10,"2020-02-15 15:37:09+05:30"
388,5,"2020-02-15 15:37:09+05:30"
389,15,"2020-02-15 15:37:09+05:30"
390,14,"2020-02-15 15:37:09+05:30"
391,8,"2020-02-15 15:37:09+05:30"
392,3,"2020-02-15 15:37:09+05:30"
393,6,"2020-02-15 15:37:09+05:30"
394,14,"2020-02-15 15:37:09+05:30"
395,1,"2020-02-15 15:37:09+05:30"
396,7,"2020-02-15 15:37:09+05:30"
397,14,"2020-02-15 15:37:09+05:30"
398,12,"2020-02-15 15:37:09+05:30"
399,9,"2020-02-15 15:37:09+05:30"
400,6,"2020-02-15 15:37:09+05:30"
401,7,"2020-02-15 15:37:09+05:30"
402,2,"2020-02-15 15:37:09+05:30"
403,7,"2020-02-15 15:37:09+05:30"
404,5,"2020-02-15 15:37:09+05:30"
405,16,"2020-02-15 15:37:09+05:30"
406,10,"2020-02-15 15:37:09+05:30"
407,6,"2020-02-15 15:37:09+05:30"
408,10,"2020-02-15 15:37:09+05:30"
409,3,"2020-02-15 15:37:09+05:30"
410,5,"2020-02-15 15:37:09+05:30"
411,12,"2020-02-15 15:37:09+05:30"
412,6,"2020-02-15 15:37:09+05:30"
413,5,"2020-02-15 15:37:09+05:30"
414,9,"2020-02-15 15:37:09+05:30"
415,11,"2020-02-15 15:37:09+05:30"
416,9,"2020-02-15 15:37:09+05:30"
417,1,"2020-02-15 15:37:09+05:30"
418,7,"2020-02-15 15:37:09+05:30"
419,8,"2020-02-15 15:37:09+05:30"
420,15,"2020-02-15 15:37:09+05:30"
421,9,"2020-02-15 15:37:09+05:30"
422,14,"2020-02-15 15:37:09+05:30"
423,3,"2020-02-15 15:37:09+05:30"
424,3,"2020-02-15 15:37:09+05:30"
425,4,"2020-02-15 15:37:09+05:30"
426,12,"2020-02-15 15:37:09+05:30"
427,6,"2020-02-15 15:37:09+05:30"
428,8,"2020-02-15 15:37:09+05:30"
429,15,"2020-02-15 15:37:09+05:30"
430,2,"2020-02-15 15:37:09+05:30"
431,9,"2020-02-15 15:37:09+05:30"
432,4,"2020-02-15 15:37:09+05:30"
433,2,"2020-02-15 15:37:09+05:30"
434,16,"2020-02-15 15:37:09+05:30"
435,9,"2020-02-15 15:37:09+05:30"
436,13,"2020-02-15 15:37:09+05:30"
437,8,"2020-02-15 15:37:09+05:30"
438,10,"2020-02-15 15:37:09+05:30"
439,7,"2020-02-15 15:37:09+05:30"
440,9,"2020-02-15 15:37:09+05:30"
441,6,"2020-02-15 15:37:09+05:30"
442,8,"2020-02-15 15:37:09+05:30"
443,5,"2020-02-15 15:37:09+05:30"
444,5,"2020-02-15 15:37:09+05:30"
445,4,"2020-02-15 15:37:09+05:30"
446,15,"2020-02-15 15:37:09+05:30"
447,10,"2020-02-15 15:37:09+05:30"
448,13,"2020-02-15 15:37:09+05:30"
449,14,"2020-02-15 15:37:09+05:30"
450,3,"2020-02-15 15:37:09+05:30"
451,16,"2020-02-15 15:37:09+05:30"
452,9,"2020-02-15 15:37:09+05:30"
453,15,"2020-02-15 15:37:09+05:30"
454,12,"2020-02-15 15:37:09+05:30"
455,9,"2020-02-15 15:37:09+05:30"
456,2,"2020-02-15 15:37:09+05:30"
457,6,"2020-02-15 15:37:09+05:30"
458,8,"2020-02-15 15:37:09+05:30"
459,9,"2020-02-15 15:37:09+05:30"
460,9,"2020-02-15 15:37:09+05:30"
461,2,"2020-02-15 15:37:09+05:30"
462,12,"2020-02-15 15:37:09+05:30"
463,15,"2020-02-15 15:37:09+05:30"
464,2,"2020-02-15 15:37:09+05:30"
465,13,"2020-02-15 15:37:09+05:30"
466,6,"2020-02-15 15:37:09+05:30"
467,9,"2020-02-15 15:37:09+05:30"
468,3,"2020-02-15 15:37:09+05:30"
469,4,"2020-02-15 15:37:09+05:30"
470,2,"2020-02-15 15:37:09+05:30"
471,4,"2020-02-15 15:37:09+05:30"
472,16,"2020-02-15 15:37:09+05:30"
473,7,"2020-02-15 15:37:09+05:30"
474,15,"2020-02-15 15:37:09+05:30"
475,11,"2020-02-15 15:37:09+05:30"
476,8,"2020-02-15 15:37:09+05:30"
477,12,"2020-02-15 15:37:09+05:30"
478,5,"2020-02-15 15:37:09+05:30"
479,8,"2020-02-15 15:37:09+05:30"
480,4,"2020-02-15 15:37:09+05:30"
481,13,"2020-02-15 15:37:09+05:30"
482,4,"2020-02-15 15:37:09+05:30"
483,10,"2020-02-15 15:37:09+05:30"
484,4,"2020-02-15 15:37:09+05:30"
485,3,"2020-02-15 15:37:09+05:30"
486,9,"2020-02-15 15:37:09+05:30"
487,4,"2020-02-15 15:37:09+05:30"
488,15,"2020-02-15 15:37:09+05:30"
489,2,"2020-02-15 15:37:09+05:30"
490,13,"2020-02-15 15:37:09+05:30"
491,3,"2020-02-15 15:37:09+05:30"
492,13,"2020-02-15 15:37:09+05:30"
493,9,"2020-02-15 15:37:09+05:30"
494,11,"2020-02-15 15:37:09+05:30"
495,11,"2020-02-15 15:37:09+05:30"
496,16,"2020-02-15 15:37:09+05:30"
497,6,"2020-02-15 15:37:09+05:30"
498,8,"2020-02-15 15:37:09+05:30"
499,8,"2020-02-15 15:37:09+05:30"
500,9,"2020-02-15 15:37:09+05:30"
501,1,"2020-02-15 15:37:09+05:30"
502,5,"2020-02-15 15:37:09+05:30"
503,15,"2020-02-15 15:37:09+05:30"
504,7,"2020-02-15 15:37:09+05:30"
505,3,"2020-02-15 15:37:09+05:30"
506,11,"2020-02-15 15:37:09+05:30"
507,10,"2020-02-15 15:37:09+05:30"
508,10,"2020-02-15 15:37:09+05:30"
509,3,"2020-02-15 15:37:09+05:30"
510,2,"2020-02-15 15:37:09+05:30"
511,1,"2020-02-15 15:37:09+05:30"
512,4,"2020-02-15 15:37:09+05:30"
513,16,"2020-02-15 15:37:09+05:30"
514,7,"2020-02-15 15:37:09+05:30"
515,3,"2020-02-15 15:37:09+05:30"
516,12,"2020-02-15 15:37:09+05:30"
517,15,"2020-02-15 15:37:09+05:30"
518,16,"2020-02-15 15:37:09+05:30"
519,15,"2020-02-15 15:37:09+05:30"
520,14,"2020-02-15 15:37:09+05:30"
521,7,"2020-02-15 15:37:09+05:30"
522,5,"2020-02-15 15:37:09+05:30"
523,4,"2020-02-15 15:37:09+05:30"
524,5,"2020-02-15 15:37:09+05:30"
525,4,"2020-02-15 15:37:09+05:30"
526,16,"2020-02-15 15:37:09+05:30"
527,11,"2020-02-15 15:37:09+05:30"
528,8,"2020-02-15 15:37:09+05:30"
529,5,"2020-02-15 15:37:09+05:30"
530,1,"2020-02-15 15:37:09+05:30"
531,9,"2020-02-15 15:37:09+05:30"
532,15,"2020-02-15 15:37:09+05:30"
533,9,"2020-02-15 15:37:09+05:30"
534,8,"2020-02-15 15:37:09+05:30"
535,11,"2020-02-15 15:37:09+05:30"
536,4,"2020-02-15 15:37:09+05:30"
537,4,"2020-02-15 15:37:09+05:30"
538,13,"2020-02-15 15:37:09+05:30"
539,7,"2020-02-15 15:37:09+05:30"
540,12,"2020-02-15 15:37:09+05:30"
541,2,"2020-02-15 15:37:09+05:30"
542,1,"2020-02-15 15:37:09+05:30"
543,16,"2020-02-15 15:37:09+05:30"
544,6,"2020-02-15 15:37:09+05:30"
545,9,"2020-02-15 15:37:09+05:30"
546,10,"2020-02-15 15:37:09+05:30"
547,3,"2020-02-15 15:37:09+05:30"
548,4,"2020-02-15 15:37:09+05:30"
549,1,"2020-02-15 15:37:09+05:30"
550,8,"2020-02-15 15:37:09+05:30"
551,13,"2020-02-15 15:37:09+05:30"
552,6,"2020-02-15 15:37:09+05:30"
553,3,"2020-02-15 15:37:09+05:30"
554,4,"2020-02-15 15:37:09+05:30"
555,5,"2020-02-15 15:37:09+05:30"
556,10,"2020-02-15 15:37:09+05:30"
557,8,"2020-02-15 15:37:09+05:30"
558,13,"2020-02-15 15:37:09+05:30"
559,14,"2020-02-15 15:37:09+05:30"
560,10,"2020-02-15 15:37:09+05:30"
561,13,"2020-02-15 15:37:09+05:30"
562,12,"2020-02-15 15:37:09+05:30"
563,10,"2020-02-15 15:37:09+05:30"
564,2,"2020-02-15 15:37:09+05:30"
565,9,"2020-02-15 15:37:09+05:30"
566,9,"2020-02-15 15:37:09+05:30"
567,9,"2020-02-15 15:37:09+05:30"
568,5,"2020-02-15 15:37:09+05:30"
569,2,"2020-02-15 15:37:09+05:30"
570,15,"2020-02-15 15:37:09+05:30"
571,6,"2020-02-15 15:37:09+05:30"
572,14,"2020-02-15 15:37:09+05:30"
573,3,"2020-02-15 15:37:09+05:30"
574,1,"2020-02-15 15:37:09+05:30"
575,6,"2020-02-15 15:37:09+05:30"
576,6,"2020-02-15 15:37:09+05:30"
577,15,"2020-02-15 15:37:09+05:30"
578,4,"2020-02-15 15:37:09+05:30"
579,1,"2020-02-15 15:37:09+05:30"
580,13,"2020-02-15 15:37:09+05:30"
581,12,"2020-02-15 15:37:09+05:30"
582,2,"2020-02-15 15:37:09+05:30"
583,2,"2020-02-15 15:37:09+05:30"
584,9,"2020-02-15 15:37:09+05:30"
585,7,"2020-02-15 15:37:09+05:30"
586,1,"2020-02-15 15:37:09+05:30"
587,6,"2020-02-15 15:37:09+05:30"
588,3,"2020-02-15 15:37:09+05:30"
589,6,"2020-02-15 15:37:09+05:30"
590,13,"2020-02-15 15:37:09+05:30"
591,10,"2020-02-15 15:37:09+05:30"
592,12,"2020-02-15 15:37:09+05:30"
593,11,"2020-02-15 15:37:09+05:30"
594,1,"2020-02-15 15:37:09+05:30"
595,9,"2020-02-15 15:37:09+05:30"
596,10,"2020-02-15 15:37:09+05:30"
597,10,"2020-02-15 15:37:09+05:30"
598,15,"2020-02-15 15:37:09+05:30"
599,15,"2020-02-15 15:37:09+05:30"
600,11,"2020-02-15 15:37:09+05:30"
601,16,"2020-02-15 15:37:09+05:30"
602,14,"2020-02-15 15:37:09+05:30"
603,8,"2020-02-15 15:37:09+05:30"
604,5,"2020-02-15 15:37:09+05:30"
605,9,"2020-02-15 15:37:09+05:30"
606,15,"2020-02-15 15:37:09+05:30"
607,9,"2020-02-15 15:37:09+05:30"
608,3,"2020-02-15 15:37:09+05:30"
609,16,"2020-02-15 15:37:09+05:30"
610,8,"2020-02-15 15:37:09+05:30"
611,4,"2020-02-15 15:37:09+05:30"
612,15,"2020-02-15 15:37:09+05:30"
613,5,"2020-02-15 15:37:09+05:30"
614,10,"2020-02-15 15:37:09+05:30"
615,2,"2020-02-15 15:37:09+05:30"
616,6,"2020-02-15 15:37:09+05:30"
617,8,"2020-02-15 15:37:09+05:30"
618,7,"2020-02-15 15:37:09+05:30"
619,15,"2020-02-15 15:37:09+05:30"
620,14,"2020-02-15 15:37:09+05:30"
621,8,"2020-02-15 15:37:09+05:30"
622,6,"2020-02-15 15:37:09+05:30"
623,9,"2020-02-15 15:37:09+05:30"
624,10,"2020-02-15 15:37:09+05:30"
625,14,"2020-02-15 15:37:09+05:30"
626,3,"2020-02-15 15:37:09+05:30"
627,6,"2020-02-15 15:37:09+05:30"
628,15,"2020-02-15 15:37:09+05:30"
629,6,"2020-02-15 15:37:09+05:30"
630,7,"2020-02-15 15:37:09+05:30"
631,15,"2020-02-15 15:37:09+05:30"
632,13,"2020-02-15 15:37:09+05:30"
633,4,"2020-02-15 15:37:09+05:30"
634,8,"2020-02-15 15:37:09+05:30"
635,13,"2020-02-15 15:37:09+05:30"
636,12,"2020-02-15 15:37:09+05:30"
637,14,"2020-02-15 15:37:09+05:30"
638,5,"2020-02-15 15:37:09+05:30"
639,8,"2020-02-15 15:37:09+05:30"
640,9,"2020-02-15 15:37:09+05:30"
641,9,"2020-02-15 15:37:09+05:30"
642,16,"2020-02-15 15:37:09+05:30"
643,7,"2020-02-15 15:37:09+05:30"
644,2,"2020-02-15 15:37:09+05:30"
645,16,"2020-02-15 15:37:09+05:30"
646,10,"2020-02-15 15:37:09+05:30"
647,12,"2020-02-15 15:37:09+05:30"
648,16,"2020-02-15 15:37:09+05:30"
649,2,"2020-02-15 15:37:09+05:30"
650,6,"2020-02-15 15:37:09+05:30"
651,2,"2020-02-15 15:37:09+05:30"
652,4,"2020-02-15 15:37:09+05:30"
653,11,"2020-02-15 15:37:09+05:30"
654,10,"2020-02-15 15:37:09+05:30"
655,14,"2020-02-15 15:37:09+05:30"
656,16,"2020-02-15 15:37:09+05:30"
657,5,"2020-02-15 15:37:09+05:30"
658,11,"2020-02-15 15:37:09+05:30"
659,1,"2020-02-15 15:37:09+05:30"
660,5,"2020-02-15 15:37:09+05:30"
661,9,"2020-02-15 15:37:09+05:30"
662,7,"2020-02-15 15:37:09+05:30"
663,4,"2020-02-15 15:37:09+05:30"
664,1,"2020-02-15 15:37:09+05:30"
665,11,"2020-02-15 15:37:09+05:30"
666,7,"2020-02-15 15:37:09+05:30"
667,15,"2020-02-15 15:37:09+05:30"
668,15,"2020-02-15 15:37:09+05:30"
669,9,"2020-02-15 15:37:09+05:30"
670,6,"2020-02-15 15:37:09+05:30"
671,15,"2020-02-15 15:37:09+05:30"
672,5,"2020-02-15 15:37:09+05:30"
673,12,"2020-02-15 15:37:09+05:30"
674,9,"2020-02-15 15:37:09+05:30"
675,13,"2020-02-15 15:37:09+05:30"
676,15,"2020-02-15 15:37:09+05:30"
677,13,"2020-02-15 15:37:09+05:30"
678,15,"2020-02-15 15:37:09+05:30"
679,8,"2020-02-15 15:37:09+05:30"
680,5,"2020-02-15 15:37:09+05:30"
681,15,"2020-02-15 15:37:09+05:30"
682,8,"2020-02-15 15:37:09+05:30"
683,7,"2020-02-15 15:37:09+05:30"
684,10,"2020-02-15 15:37:09+05:30"
685,13,"2020-02-15 15:37:09+05:30"
686,13,"2020-02-15 15:37:09+05:30"
687,6,"2020-02-15 15:37:09+05:30"
688,3,"2020-02-15 15:37:09+05:30"
689,9,"2020-02-15 15:37:09+05:30"
690,2,"2020-02-15 15:37:09+05:30"
691,15,"2020-02-15 15:37:09+05:30"
692,2,"2020-02-15 15:37:09+05:30"
693,2,"2020-02-15 15:37:09+05:30"
694,4,"2020-02-15 15:37:09+05:30"
695,8,"2020-02-15 15:37:09+05:30"
696,2,"2020-02-15 15:37:09+05:30"
697,1,"2020-02-15 15:37:09+05:30"
698,6,"2020-02-15 15:37:09+05:30"
699,10,"2020-02-15 15:37:09+05:30"
700,8,"2020-02-15 15:37:09+05:30"
701,10,"2020-02-15 15:37:09+05:30"
702,11,"2020-02-15 15:37:09+05:30"
703,2,"2020-02-15 15:37:09+05:30"
704,5,"2020-02-15 15:37:09+05:30"
705,9,"2020-02-15 15:37:09+05:30"
706,7,"2020-02-15 15:37:09+05:30"
707,1,"2020-02-15 15:37:09+05:30"
708,6,"2020-02-15 15:37:09+05:30"
709,7,"2020-02-15 15:37:09+05:30"
710,8,"2020-02-15 15:37:09+05:30"
711,14,"2020-02-15 15:37:09+05:30"
712,6,"2020-02-15 15:37:09+05:30"
713,6,"2020-02-15 15:37:09+05:30"
714,14,"2020-02-15 15:37:09+05:30"
715,8,"2020-02-15 15:37:09+05:30"
716,11,"2020-02-15 15:37:09+05:30"
717,1,"2020-02-15 15:37:09+05:30"
718,12,"2020-02-15 15:37:09+05:30"
719,15,"2020-02-15 15:37:09+05:30"
720,13,"2020-02-15 15:37:09+05:30"
721,12,"2020-02-15 15:37:09+05:30"
722,11,"2020-02-15 15:37:09+05:30"
723,14,"2020-02-15 15:37:09+05:30"
724,8,"2020-02-15 15:37:09+05:30"
725,4,"2020-02-15 15:37:09+05:30"
726,9,"2020-02-15 15:37:09+05:30"
727,8,"2020-02-15 15:37:09+05:30"
728,7,"2020-02-15 15:37:09+05:30"
729,15,"2020-02-15 15:37:09+05:30"
730,13,"2020-02-15 15:37:09+05:30"
731,4,"2020-02-15 15:37:09+05:30"
732,1,"2020-02-15 15:37:09+05:30"
733,15,"2020-02-15 15:37:09+05:30"
734,6,"2020-02-15 15:37:09+05:30"
735,3,"2020-02-15 15:37:09+05:30"
736,8,"2020-02-15 15:37:09+05:30"
737,11,"2020-02-15 15:37:09+05:30"
738,9,"2020-02-15 15:37:09+05:30"
739,7,"2020-02-15 15:37:09+05:30"
740,11,"2020-02-15 15:37:09+05:30"
741,12,"2020-02-15 15:37:09+05:30"
742,10,"2020-02-15 15:37:09+05:30"
743,2,"2020-02-15 15:37:09+05:30"
744,4,"2020-02-15 15:37:09+05:30"
745,15,"2020-02-15 15:37:09+05:30"
746,10,"2020-02-15 15:37:09+05:30"
747,10,"2020-02-15 15:37:09+05:30"
748,1,"2020-02-15 15:37:09+05:30"
749,11,"2020-02-15 15:37:09+05:30"
750,13,"2020-02-15 15:37:09+05:30"
751,13,"2020-02-15 15:37:09+05:30"
752,12,"2020-02-15 15:37:09+05:30"
753,8,"2020-02-15 15:37:09+05:30"
754,5,"2020-02-15 15:37:09+05:30"
755,3,"2020-02-15 15:37:09+05:30"
756,5,"2020-02-15 15:37:09+05:30"
757,6,"2020-02-15 15:37:09+05:30"
758,7,"2020-02-15 15:37:09+05:30"
759,13,"2020-02-15 15:37:09+05:30"
760,13,"2020-02-15 15:37:09+05:30"
761,3,"2020-02-15 15:37:09+05:30"
762,10,"2020-02-15 15:37:09+05:30"
763,15,"2020-02-15 15:37:09+05:30"
764,15,"2020-02-15 15:37:09+05:30"
765,5,"2020-02-15 15:37:09+05:30"
766,7,"2020-02-15 15:37:09+05:30"
767,12,"2020-02-15 15:37:09+05:30"
768,3,"2020-02-15 15:37:09+05:30"
769,9,"2020-02-15 15:37:09+05:30"
770,9,"2020-02-15 15:37:09+05:30"
771,7,"2020-02-15 15:37:09+05:30"
772,7,"2020-02-15 15:37:09+05:30"
773,15,"2020-02-15 15:37:09+05:30"
774,5,"2020-02-15 15:37:09+05:30"
775,7,"2020-02-15 15:37:09+05:30"
776,6,"2020-02-15 15:37:09+05:30"
777,15,"2020-02-15 15:37:09+05:30"
778,8,"2020-02-15 15:37:09+05:30"
779,15,"2020-02-15 15:37:09+05:30"
780,8,"2020-02-15 15:37:09+05:30"
781,10,"2020-02-15 15:37:09+05:30"
782,15,"2020-02-15 15:37:09+05:30"
783,16,"2020-02-15 15:37:09+05:30"
784,16,"2020-02-15 15:37:09+05:30"
785,16,"2020-02-15 15:37:09+05:30"
786,3,"2020-02-15 15:37:09+05:30"
787,16,"2020-02-15 15:37:09+05:30"
788,6,"2020-02-15 15:37:09+05:30"
789,9,"2020-02-15 15:37:09+05:30"
790,7,"2020-02-15 15:37:09+05:30"
791,6,"2020-02-15 15:37:09+05:30"
792,9,"2020-02-15 15:37:09+05:30"
793,1,"2020-02-15 15:37:09+05:30"
794,1,"2020-02-15 15:37:09+05:30"
795,8,"2020-02-15 15:37:09+05:30"
796,15,"2020-02-15 15:37:09+05:30"
797,12,"2020-02-15 15:37:09+05:30"
798,14,"2020-02-15 15:37:09+05:30"
799,11,"2020-02-15 15:37:09+05:30"
800,11,"2020-02-15 15:37:09+05:30"
801,3,"2020-02-15 15:37:09+05:30"
802,1,"2020-02-15 15:37:09+05:30"
803,7,"2020-02-15 15:37:09+05:30"
804,11,"2020-02-15 15:37:09+05:30"
805,2,"2020-02-15 15:37:09+05:30"
806,13,"2020-02-15 15:37:09+05:30"
807,10,"2020-02-15 15:37:09+05:30"
808,4,"2020-02-15 15:37:09+05:30"
809,15,"2020-02-15 15:37:09+05:30"
810,8,"2020-02-15 15:37:09+05:30"
811,16,"2020-02-15 15:37:09+05:30"
812,6,"2020-02-15 15:37:09+05:30"
813,15,"2020-02-15 15:37:09+05:30"
814,5,"2020-02-15 15:37:09+05:30"
815,4,"2020-02-15 15:37:09+05:30"
816,2,"2020-02-15 15:37:09+05:30"
817,14,"2020-02-15 15:37:09+05:30"
818,7,"2020-02-15 15:37:09+05:30"
819,12,"2020-02-15 15:37:09+05:30"
820,2,"2020-02-15 15:37:09+05:30"
821,9,"2020-02-15 15:37:09+05:30"
822,8,"2020-02-15 15:37:09+05:30"
823,1,"2020-02-15 15:37:09+05:30"
824,8,"2020-02-15 15:37:09+05:30"
825,1,"2020-02-15 15:37:09+05:30"
826,16,"2020-02-15 15:37:09+05:30"
827,7,"2020-02-15 15:37:09+05:30"
828,4,"2020-02-15 15:37:09+05:30"
829,8,"2020-02-15 15:37:09+05:30"
830,11,"2020-02-15 15:37:09+05:30"
831,14,"2020-02-15 15:37:09+05:30"
832,8,"2020-02-15 15:37:09+05:30"
833,3,"2020-02-15 15:37:09+05:30"
834,6,"2020-02-15 15:37:09+05:30"
835,10,"2020-02-15 15:37:09+05:30"
836,15,"2020-02-15 15:37:09+05:30"
837,5,"2020-02-15 15:37:09+05:30"
838,1,"2020-02-15 15:37:09+05:30"
839,14,"2020-02-15 15:37:09+05:30"
840,10,"2020-02-15 15:37:09+05:30"
841,15,"2020-02-15 15:37:09+05:30"
842,10,"2020-02-15 15:37:09+05:30"
843,4,"2020-02-15 15:37:09+05:30"
844,15,"2020-02-15 15:37:09+05:30"
845,9,"2020-02-15 15:37:09+05:30"
846,13,"2020-02-15 15:37:09+05:30"
847,13,"2020-02-15 15:37:09+05:30"
848,16,"2020-02-15 15:37:09+05:30"
849,2,"2020-02-15 15:37:09+05:30"
850,1,"2020-02-15 15:37:09+05:30"
851,15,"2020-02-15 15:37:09+05:30"
852,3,"2020-02-15 15:37:09+05:30"
853,3,"2020-02-15 15:37:09+05:30"
854,11,"2020-02-15 15:37:09+05:30"
855,6,"2020-02-15 15:37:09+05:30"
856,11,"2020-02-15 15:37:09+05:30"
857,5,"2020-02-15 15:37:09+05:30"
858,5,"2020-02-15 15:37:09+05:30"
859,2,"2020-02-15 15:37:09+05:30"
860,14,"2020-02-15 15:37:09+05:30"
861,10,"2020-02-15 15:37:09+05:30"
862,4,"2020-02-15 15:37:09+05:30"
863,14,"2020-02-15 15:37:09+05:30"
864,3,"2020-02-15 15:37:09+05:30"
865,2,"2020-02-15 15:37:09+05:30"
866,8,"2020-02-15 15:37:09+05:30"
867,8,"2020-02-15 15:37:09+05:30"
868,16,"2020-02-15 15:37:09+05:30"
869,1,"2020-02-15 15:37:09+05:30"
870,11,"2020-02-15 15:37:09+05:30"
871,5,"2020-02-15 15:37:09+05:30"
872,16,"2020-02-15 15:37:09+05:30"
873,3,"2020-02-15 15:37:09+05:30"
874,4,"2020-02-15 15:37:09+05:30"
875,15,"2020-02-15 15:37:09+05:30"
876,11,"2020-02-15 15:37:09+05:30"
877,12,"2020-02-15 15:37:09+05:30"
878,16,"2020-02-15 15:37:09+05:30"
879,12,"2020-02-15 15:37:09+05:30"
880,2,"2020-02-15 15:37:09+05:30"
881,11,"2020-02-15 15:37:09+05:30"
882,7,"2020-02-15 15:37:09+05:30"
883,3,"2020-02-15 15:37:09+05:30"
884,12,"2020-02-15 15:37:09+05:30"
885,11,"2020-02-15 15:37:09+05:30"
886,2,"2020-02-15 15:37:09+05:30"
887,2,"2020-02-15 15:37:09+05:30"
888,6,"2020-02-15 15:37:09+05:30"
889,3,"2020-02-15 15:37:09+05:30"
890,15,"2020-02-15 15:37:09+05:30"
891,4,"2020-02-15 15:37:09+05:30"
892,2,"2020-02-15 15:37:09+05:30"
893,14,"2020-02-15 15:37:09+05:30"
894,16,"2020-02-15 15:37:09+05:30"
895,4,"2020-02-15 15:37:09+05:30"
896,3,"2020-02-15 15:37:09+05:30"
897,7,"2020-02-15 15:37:09+05:30"
898,15,"2020-02-15 15:37:09+05:30"
899,4,"2020-02-15 15:37:09+05:30"
900,9,"2020-02-15 15:37:09+05:30"
901,2,"2020-02-15 15:37:09+05:30"
902,15,"2020-02-15 15:37:09+05:30"
903,16,"2020-02-15 15:37:09+05:30"
904,11,"2020-02-15 15:37:09+05:30"
905,5,"2020-02-15 15:37:09+05:30"
906,5,"2020-02-15 15:37:09+05:30"
907,7,"2020-02-15 15:37:09+05:30"
908,9,"2020-02-15 15:37:09+05:30"
909,11,"2020-02-15 15:37:09+05:30"
910,7,"2020-02-15 15:37:09+05:30"
911,1,"2020-02-15 15:37:09+05:30"
912,14,"2020-02-15 15:37:09+05:30"
913,13,"2020-02-15 15:37:09+05:30"
914,16,"2020-02-15 15:37:09+05:30"
915,1,"2020-02-15 15:37:09+05:30"
916,2,"2020-02-15 15:37:09+05:30"
917,15,"2020-02-15 15:37:09+05:30"
918,3,"2020-02-15 15:37:09+05:30"
919,10,"2020-02-15 15:37:09+05:30"
920,13,"2020-02-15 15:37:09+05:30"
921,12,"2020-02-15 15:37:09+05:30"
922,11,"2020-02-15 15:37:09+05:30"
923,7,"2020-02-15 15:37:09+05:30"
924,14,"2020-02-15 15:37:09+05:30"
925,6,"2020-02-15 15:37:09+05:30"
926,6,"2020-02-15 15:37:09+05:30"
927,1,"2020-02-15 15:37:09+05:30"
928,3,"2020-02-15 15:37:09+05:30"
929,9,"2020-02-15 15:37:09+05:30"
930,14,"2020-02-15 15:37:09+05:30"
931,16,"2020-02-15 15:37:09+05:30"
932,5,"2020-02-15 15:37:09+05:30"
933,13,"2020-02-15 15:37:09+05:30"
934,10,"2020-02-15 15:37:09+05:30"
935,13,"2020-02-15 15:37:09+05:30"
936,12,"2020-02-15 15:37:09+05:30"
937,13,"2020-02-15 15:37:09+05:30"
938,5,"2020-02-15 15:37:09+05:30"
939,5,"2020-02-15 15:37:09+05:30"
940,15,"2020-02-15 15:37:09+05:30"
941,10,"2020-02-15 15:37:09+05:30"
942,7,"2020-02-15 15:37:09+05:30"
943,6,"2020-02-15 15:37:09+05:30"
944,7,"2020-02-15 15:37:09+05:30"
945,6,"2020-02-15 15:37:09+05:30"
946,8,"2020-02-15 15:37:09+05:30"
947,9,"2020-02-15 15:37:09+05:30"
948,13,"2020-02-15 15:37:09+05:30"
949,10,"2020-02-15 15:37:09+05:30"
950,4,"2020-02-15 15:37:09+05:30"
951,4,"2020-02-15 15:37:09+05:30"
952,6,"2020-02-15 15:37:09+05:30"
953,2,"2020-02-15 15:37:09+05:30"
954,13,"2020-02-15 15:37:09+05:30"
955,3,"2020-02-15 15:37:09+05:30"
956,10,"2020-02-15 15:37:09+05:30"
957,9,"2020-02-15 15:37:09+05:30"
958,7,"2020-02-15 15:37:09+05:30"
959,3,"2020-02-15 15:37:09+05:30"
960,6,"2020-02-15 15:37:09+05:30"
961,9,"2020-02-15 15:37:09+05:30"
962,4,"2020-02-15 15:37:09+05:30"
963,2,"2020-02-15 15:37:09+05:30"
964,1,"2020-02-15 15:37:09+05:30"
965,11,"2020-02-15 15:37:09+05:30"
966,6,"2020-02-15 15:37:09+05:30"
967,14,"2020-02-15 15:37:09+05:30"
968,1,"2020-02-15 15:37:09+05:30"
969,7,"2020-02-15 15:37:09+05:30"
970,4,"2020-02-15 15:37:09+05:30"
971,9,"2020-02-15 15:37:09+05:30"
972,14,"2020-02-15 15:37:09+05:30"
973,6,"2020-02-15 15:37:09+05:30"
974,13,"2020-02-15 15:37:09+05:30"
975,8,"2020-02-15 15:37:09+05:30"
976,10,"2020-02-15 15:37:09+05:30"
977,16,"2020-02-15 15:37:09+05:30"
978,5,"2020-02-15 15:37:09+05:30"
979,7,"2020-02-15 15:37:09+05:30"
980,12,"2020-02-15 15:37:09+05:30"
981,16,"2020-02-15 15:37:09+05:30"
982,1,"2020-02-15 15:37:09+05:30"
983,12,"2020-02-15 15:37:09+05:30"
984,9,"2020-02-15 15:37:09+05:30"
985,14,"2020-02-15 15:37:09+05:30"
986,2,"2020-02-15 15:37:09+05:30"
987,12,"2020-02-15 15:37:09+05:30"
988,16,"2020-02-15 15:37:09+05:30"
989,16,"2020-02-15 15:37:09+05:30"
990,11,"2020-02-15 15:37:09+05:30"
991,1,"2020-02-15 15:37:09+05:30"
992,6,"2020-02-15 15:37:09+05:30"
993,3,"2020-02-15 15:37:09+05:30"
994,13,"2020-02-15 15:37:09+05:30"
995,11,"2020-02-15 15:37:09+05:30"
996,6,"2020-02-15 15:37:09+05:30"
997,12,"2020-02-15 15:37:09+05:30"
998,11,"2020-02-15 15:37:09+05:30"
999,3,"2020-02-15 15:37:09+05:30"
1000,5,"2020-02-15 15:37:09+05:30"
